<?xml version="1.0" encoding="UTF-8"?>
<project-private xmlns="http://www.netbeans.org/ns/project-private/1">
    <editor-bookmarks xmlns="http://www.netbeans.org/ns/editor-bookmarks/2" lastBookmarkId="0"/>
    <open-files xmlns="http://www.netbeans.org/ns/projectui-open-files/2">
        <group>
            <file>file:/home/greundzo/prog18-19/ElectronicMail/src/electronicmail/publics/Email.java</file>
            <file>file:/home/greundzo/prog18-19/ElectronicMail/src/electronicmail/client/controller/SendMailController.java</file>
            <file>file:/home/greundzo/prog18-19/ElectronicMail/src/electronicmail/client/model/RefreshMails.java</file>
            <file>file:/home/greundzo/prog18-19/ElectronicMail/src/electronicmail/client/controller/ClientController.java</file>
            <file>file:/home/greundzo/prog18-19/ElectronicMail/src/electronicmail/client/controller/ReadMailController.java</file>
            <file>file:/home/greundzo/prog18-19/ElectronicMail/src/electronicmail/client/model/ClientModel.java</file>
            <file>file:/home/greundzo/prog18-19/ElectronicMail/src/electronicmail/server/model/ServerModel.java</file>
        </group>
    </open-files>
</project-private>
